question;question;correct_answer;llama_answer;llama_correct;llama_explanation;llama_explicit;llama_implicit;llama_logical;qwen_answer;qwen_correct;qwen_explanation;qwen_explicit;qwen_implicit;qwen_logical
11;Photosynthesis is a process involving carbon dioxide, water, glucose, oxygen, and sunlight. Which is the correct chemical equation for photosynthesis?;D;D;YES;The correct chemical equation for photosynthesis is the one that accurately represents the reactants and products involved in the process. Photosynthesis involves the conversion of carbon dioxide and water into glucose and oxygen, with the energy from sunlight being a necessary component. Option D correctly represents this process, with 6CO2 and 6H2O reacting in the presence of energy to produce C6H12O6 (glucose) and 6O2 (oxygen). The other options either reverse the direction of the reaction, omit necessary reactants or products, or contain incorrect chemical formulas.;1. Photosynthesis converts carbon dioxide and water into glucose and oxygen. 2. Sunlight (energy) is required for the process. 3. Option D contains the correct reactants and products.;1. A correct photosynthesis equation must include all substances involved in the reaction. 2. Reactants and products need to be placed on the appropriate side of the equation.;1. If an equation accurately represents the inputs, outputs, and direction of photosynthesis, then it is the correct equation.;D;YES;The correct answer is D. The balanced chemical equation for photosynthesis is 6CO₂ + 6H₂O + light energy -> C₆H₁₂O₆ + 6O₂. This equation accurately represents the input (carbon dioxide and water with light energy) and output (glucose and oxygen) of the photosynthesis process.;1. The balanced photosynthesis equation is 6CO₂ + 6H₂O + light energy → C₆H₁₂O₆ + 6O₂. 2. Carbon dioxide, water, and light energy are inputs. 3. Glucose and oxygen are outputs.;1. The equation must be balanced to correctly represent the process. 2. An answer missing required reactants or products would be incorrect.;1. If light energy converts carbon dioxide and water into glucose and oxygen, then the equation represents photosynthesis.
12;Which of the following is an example of a physical change?;B;B;YES;Breaking a glass is an example of a physical change because the glass is still intact, but it has been altered in shape. The glass has not changed its chemical composition, it has only undergone a change in its physical state. This is in contrast to a chemical change, where the substance undergoes a transformation that alters its chemical properties, such as burning of gasoline or rusting of iron. Lighting a match is also a chemical change, as it involves a reaction that alters the chemical composition of the match.;1. Breaking a glass changes its shape. 2. The chemical composition of the glass remains unchanged. 3. Burning gasoline, rusting iron, and lighting a match are examples of chemical changes.;1. The broken pieces are still made of the same material as before. 2. A change in appearance does not necessarily mean a chemical reaction has occurred.;1. If a substance changes form but not chemical composition, then the change is physical.;B;YES;B is the correct answer because breaking a glass is a physical change as it involves altering the shape or form of the glass without changing its chemical composition. Lighting a match, burning gasoline, and rusting of iron involve chemical reactions that alter the substances' molecular structures, making them examples of chemical changes.;1. Breaking glass alters its form without changing its composition. 2. Lighting a match, burning gasoline, and rusting iron involve chemical reactions. 3. Chemical reactions change the molecular structure of a substance.;1. Physical changes do not create a new substance. 2. Chemical changes require a change in composition rather than only shape.;"1. If a process changes molecular composition, it is a chemical change; if only form changes, it is a physical change."
13;Which of the following areas is most likely to form metamorphic rocks such as gneiss and schist?;C;C;YES;The area most likely to form metamorphic rocks such as gneiss and schist is a site deep underground. This is because metamorphic rocks are formed when existing rocks are subjected to high temperatures and pressures, which can only occur deep within the Earth's crust. Gneiss and schist are types of metamorphic rocks that are formed through this process, often as a result of mountain building or tectonic plate movement. The conditions necessary for metamorphism, such as high pressure and temperature, are typically found deep within the Earth's crust, making a site deep underground the most likely location for;1. Gneiss and schist are metamorphic rocks. 2. Metamorphic rocks form under high temperature and pressure. 3. These conditions are typically found deep within Earth’s crust.;1. Surface environments usually do not provide enough heat and pressure for metamorphism. 2. Existing rocks must be altered by underground conditions to become metamorphic rocks.;1. If rocks are exposed to sufficient heat and pressure, they can transform into metamorphic rocks.;C;YES;C is the correct answer. Metamorphic rocks form under conditions of heat and pressure deep within the Earth's crust, typically at convergent plate boundaries or in areas of mountain building. A site deep underground provides the necessary high temperatures and pressures for existing rocks to transform into metamorphic rocks like gneiss and schist. The other options - a sea floor, a windblown desert, and a site covered by a glacier - do not provide the necessary geological conditions for metamorphism to occur.;1. Metamorphic rocks form deep underground. 2. Heat and pressure are required for metamorphism. 3. Sea floors, deserts, and glacier-covered areas do not provide the necessary conditions.;1. The correct location must contain both high temperature and high pressure. 2. Gneiss and schist develop from pre-existing rocks that undergo geological change.;1. If an environment provides the conditions required for metamorphism, then metamorphic rocks can form there.
14;The male insects in a population are treated to prevent sperm production. Would this reduce this insect population?;C;C;YES;This treatment would prevent the male insects from producing sperm, which is essential for fertilizing eggs. As a result, the females in the population would not be able to reproduce, leading to a sharp decrease in the reproduction rate of the population. This, in turn, would cause the population to decline over time. Therefore, the correct answer is that this treatment would indeed reduce the insect population.;1. Preventing sperm production stops males from fertilizing eggs. 2. Females would be unable to reproduce successfully. 3. The reproduction rate of the population would decrease.;1. Reproduction in this insect population depends on sperm from males. 2. Fewer offspring will lead to a smaller population over time.;1. If fertilization is reduced, then reproduction decreases and population size eventually declines.;C;YES;The correct answer is C. By preventing sperm production in male insects, the reproduction rate would indeed be sharply decreased. Since males are unable to contribute genetic material to offspring, the population would decline over time due to a significant reduction in successful matings and subsequent generations.;1. Preventing sperm production reduces reproduction. 2. Males cannot contribute genetic material to offspring. 3. The population would decline over time because fewer offspring are produced.;1. Successful reproduction requires viable sperm. 2. Future generations depend on ongoing reproduction.;1. If offspring production decreases for multiple generations, then the population decreases.
15;On Earth, water can be a solid, a liquid, or a gas. Which energy source has the greatest influence on the state of matter of water?;A;A;YES;The correct answer is A) the sun. The sun's energy has the greatest influence on the state of matter of water because it is the primary source of heat and light that drives the Earth's climate and weather patterns. The sun's energy heats the Earth's surface, causing water to evaporate from oceans, lakes, and rivers into the atmosphere, where it condenses into clouds and eventually falls back to the Earth as precipitation. This process, known as the water cycle, is essential for maintaining the Earth's water balance and is influenced by the sun's energy. The other options, wind, ocean;1. The Sun is the primary source of heat and light for Earth. 2. Solar energy drives evaporation, condensation, and precipitation. 3. The water cycle depends on energy from the Sun.;1. Water changes state mainly because of solar heating. 2. Other energy sources have less influence on the phase changes of water.;1. If an energy source drives the processes that change water between states, then it has the greatest influence on water’s state of matter.;A;YES;The sun (A) has the greatest influence on the state of matter of water on Earth. The sun provides the heat necessary to change water from a liquid to a gas through evaporation. It also contributes to the freezing process by providing the energy needed to cool water to its freezing point. While wind, ocean currents, and the metal core of the Earth play roles in the water cycle, they do not have the same direct and significant impact as the sun's energy.;1. The Sun provides the heat needed for evaporation. 2. The Sun has the greatest influence on the state of matter of water. 3. Wind, ocean currents, and Earth’s core have less direct effects;1. Most large-scale changes between solid, liquid, and gas are powered by solar energy. 2. Water would undergo fewer phase changes without energy from the Sun.;1. If a source supplies the heat required for phase changes, then it strongly influences the state of matter.
16;A ship leaks a large amount of oil near a coastal area. Which statement describes how the oil most likely will affect the coastal habitat?;B;C;NO;The correct answer is C because oil spills can smother or suffocate aquatic plants by blocking sunlight, which is essential for photosynthesis. When oil covers the surface of the water, it prevents sunlight from penetrating to the plants below, leading to a decrease in plant growth and potentially even death. This is because plants rely on sunlight to undergo photosynthesis, which is necessary for their survival. Therefore, water plants will be exposed to less sunlight, not more, due to the oil spill.;1. Oil spills can block sunlight from reaching aquatic plants. 2. Reduced sunlight decreases photosynthesis. 3. Aquatic plants may die if they receive insufficient sunlight.;1. The oil remains on the water surface long enough to reduce light penetration. 2. Plant health depends on access to sunlight.;1. If sunlight available for photosynthesis decreases, then plant growth and survival decrease.;B;YES;B is correct because oil on water can coat the feathers of water birds, making them heavy and difficult to fly, which is a significant threat to their survival and reproduction. The other options are incorrect: oil does not increase fish reproduction rates, it does not allow more sunlight to reach water plants, and it does not provide additional nutrients to coastal plants.;1. Oil can coat the feathers of water birds. 2. Coated feathers become heavier and less effective. 3. This can make flying more difficult for birds.;1. Birds rely on healthy feathers for survival and normal behavior. 2. Damage to feathers can reduce survival or reproductive success.;1. If pollution interferes with an organism’s ability to function normally, then the organism can be harmed.
17;A chemical property of a mineral is evident if the mineral;2;?;NO;B. A chemical property of a mineral is evident if the mineral reacts with another substance, in this case, acid. The fact that the mineral bubbles when acid is placed on it indicates a chemical reaction is occurring, which is a chemical property.;1. A mineral shows a chemical property when it reacts with another substance. 2. Bubbling occurs when acid is placed on the mineral. 3. Bubbling indicates that a chemical reaction is taking place.;1. The bubbling is caused by a change in the mineral’s chemical composition. 2. A physical property alone would not produce this type of reaction.;1. If a substance reacts chemically with another substance, then the reaction demonstrates a chemical property.;?;NO;B The bubbling when acid is placed on the mineral indicates a chemical reaction, specifically the release of a gas like carbon dioxide, which is a characteristic of certain minerals, such as carbonates. This property is a chemical one, unlike the physical properties suggested in the other options.;1. Bubbling after adding acid indicates a chemical reaction. 2. The reaction may involve the release of a gas such as carbon dioxide. 3. Some minerals, such as carbonates, show this behavior.;1. Chemical properties can be identified through observable reactions. 2. The mineral contains a substance capable of reacting with acid.;1. If a mineral reacts with acid and produces observable changes, then it exhibits a chemical property.
18;One evening as it is getting dark, Alex sits on the front porch and watches the sun slowly disappear behind the neighbor's house across the street. Which explains this observation?;D;D;YES;The correct answer is D because the observation of the sun disappearing behind the neighbor's house across the street is due to the Earth's rotation. As the Earth rotates from west to east, different parts of the planet experience day and night. From Alex's perspective on the front porch, the sun appears to move from east to west across the sky, eventually disappearing behind the neighbor's house as the Earth continues to rotate. This is an example of the Earth's rotation causing the apparent motion of the sun in the sky.;1. The Sun appears to disappear because Earth rotates. 2. Earth rotates from west to east. 3. This rotation makes the Sun appear to move across the sky.;1. The Sun is not actually moving behind the neighbor’s house. 2. The observed motion is caused by the observer’s position on Earth changing.;1. If Earth rotates, then celestial objects will appear to move across the sky.;D;YES;The correct explanation is D. The sun appears to move due to Earth's rotation. As Earth rotates on its axis from west to east, the sun appears to rise in the east and set in the west from an observer's perspective on the ground. This rotation causes the sun to seem like it is moving behind objects in the sky, such as the neighbor's house, as the evening progresses and darkness falls.;1. The Sun appears to move because Earth rotates on its axis. 2. Earth rotates from west to east. 3. This makes the Sun appear to rise in the east and set in the west.;1. The apparent sunset is an effect of Earth’s motion rather than the Sun moving around Earth. 2. Objects on Earth can block the observer’s view of the Sun as it appears to set.;1. If Earth rotates on its axis, then the Sun will appear to change position throughout the day.
19;A toothpaste commercial states that a brand of toothpaste has a higher concentration of fluoride than any other toothpaste available. The commercial is most likely inferring that the advertised toothpaste;C;B;NO;The correct answer is B. This is because the statement about the toothpaste having a higher concentration of fluoride than any other toothpaste available is likely intended to convey that it is a more effective or recommended product. The inference is that the high fluoride content makes it a preferred choice among dentists, who are often seen as authorities on oral health. This is a common marketing tactic, where a product's endorsement by a respected professional is used to build credibility and trust with potential customers.;1. The advertisement highlights that the toothpaste contains more fluoride than competing brands. 2. The explanation suggests that this is meant to make the product seem more effective. 3. The model associates this claim with professional recommendation.;1. Consumers are more likely to trust products that appear scientifically superior. 2. Having more of a beneficial ingredient is presented as evidence of higher quality.;1. If a product is advertised as having more of a beneficial ingredient, then consumers may infer that it is a better product.;C;YES;The commercial is most likely inferring that the advertised toothpaste promotes good dental hygiene (C). Fluoride is known for its ability to strengthen tooth enamel and prevent cavities, making it a key component in dental hygiene products. By highlighting a higher concentration of fluoride, the commercial aims to suggest that the toothpaste offers superior protection against tooth decay and gum disease, thus promoting better dental hygiene.;1. Fluoride helps strengthen tooth enamel. 2. Fluoride helps prevent cavities. 3. The advertisement claims that this toothpaste contains more fluoride than others.;1. Greater fluoride content is assumed to provide greater dental benefits. 2. The advertisement is trying to persuade consumers that the toothpaste is better for oral health.;1. If an ingredient contributes to a health benefit, then advertising a higher amount of that ingredient implies improved performance.
20;What do cells break down to produce energy?;A;A;YES;The correct answer is A because cells break down food molecules, such as carbohydrates, fats, and proteins, to produce energy through a process called cellular respiration. This process involves the breakdown of food molecules into simpler substances, releasing energy that is then used to power the cell's various activities.;1. Cells break down food molecules such as carbohydrates, fats, and proteins. 2. Energy is produced through cellular respiration. 3. The released energy is used for cellular activities.;1. Food molecules are the source of energy used by cells. 2. Cells need a continuous energy supply to perform their functions.;1. If cells break down nutrient molecules, then usable energy can be released.;A;YES;Cells break down food to produce energy. This process involves the breakdown of nutrients from consumed food into simpler molecules, which are then used in cellular respiration to generate ATP, the energy currency of cells.;1. Cells break down nutrients from food. 2. Cellular respiration generates ATP. 3. ATP is the energy currency of cells.;1. ATP production depends on nutrients obtained from food. 2. Cells rely on ATP to carry out biological processes.;1. If nutrients are processed through cellular respiration, then ATP can be produced.