"Unnamed: 10","Unnamed: 11","Unnamed: 12","Unnamed: 13","Unnamed: 14","Unnamed: 15","Unnamed: 16","Unnamed: 17","Unnamed: 18","Unnamed: 19","Unnamed: 20","Unnamed: 21","Unnamed: 22","Unnamed: 23","Unnamed: 24","Unnamed: 25","annotation_id","annotator","correct_answer","created_at","id","lead_time","llama_answer","llama_correct","llama_explanation","llama_explicit","llama_implicit","llama_logical","notes","question","question_id","qwen_answer","qwen_correct","qwen_explanation","qwen_explicit","qwen_implicit","qwen_logical","updated_at"
"","","","","","","","","","","","","","","","",1,"1","D","2026-05-24T17:05:15.069523Z",11,1784.137,"D","YES","The correct chemical equation for photosynthesis is the one that accurately represents the reactants and products involved in the process. Photosynthesis involves the conversion of carbon dioxide and water into glucose and oxygen, with the energy from sunlight being a necessary component. Option D correctly represents this process, with 6CO2 and 6H2O reacting in the presence of energy to produce C6H12O6 (glucose) and 6O2 (oxygen). The other options either reverse the direction of the reaction, omit necessary reactants or products, or contain incorrect chemical formulas.","1. 6CO2 and 6H2O in the presence of energy produce C6H12O6 and 6O2
2. Chamical notation for glucose is C6H12O6
3. Chamical notation for oxygen is O2
4. The other options either reverse the direction of the reaction, omit necessary reactants or products, or contain incorrect chemical formulas.","1. Carbon dioxide is CO₂
2. Water is H₂O
3. Reactants are chemicals before the process
4. Products are chemicals after the process","1. Chemical equation is corect if it accurately represents the reactants and products involved in the process, and it has to be matematicly corect","","Photosynthesis is a process involving carbon dioxide, water, glucose, oxygen, and sunlight. Which is the correct chemical equation for photosynthesis?",11,"D","YES","The correct answer is D. The balanced chemical equation for photosynthesis is 6CO₂ + 6H₂O + light energy -> C₆H₁₂O₆ + 6O₂. This equation accurately represents the input (carbon dioxide and water with light energy) and output (glucose and oxygen) of the photosynthesis process.","1. Chemical equation for photosynthesis is 6CO₂ + 6H₂O + light energy -> C₆H₁₂O₆ + 6O₂
2. Carbon dioxide is CO₂
3. Water is H₂O
4. Glucose is C₆H₁₂O₆
5. Oxygen is O₂","1. ""The other options either reverse the direction of the reaction, omit necessary reactants or products, or contain incorrect chemical formulas.""","1. Chemical equation is corect if it accurately represents the reactants and products involved in the process, and it has to be matematicly corect","2026-05-24T17:05:15.069544Z"
"","","","","","","","","","","","","","","","",2,"1","B","2026-05-24T17:55:42.698115Z",12,2500.663,"B","YES","Breaking a glass is an example of a physical change because the glass is still intact, but it has been altered in shape. The glass has not changed its chemical composition, it has only undergone a change in its physical state. This is in contrast to a chemical change, where the substance undergoes a transformation that alters its chemical properties, such as burning of gasoline or rusting of iron. Lighting a match is also a chemical change, as it involves a reaction that alters the chemical composition of the match.","1. Breaking a glass is an example of a physical change 
2. Physical change is when the shape has been altered and there was no cheange to chemical composition 
3. Breaking a glass alters it's shape 
4. Breaking a glass dose not change chemical composition of the glass
5. Chemical change is when the substance undergoes a transformation that alters its chemical properties
6. Burning of gasoline, rusting of iron, and lighting a match are examples of a chemical change
7. Physical change is when the shape has been altered and there was no cheange to chemical composition 
","Processes that do not change chemical composition are physical changes.","If a process changes chemical composition, classify it as a chemical change. If it only changes form/shape/state without changing composition, classify it as a physical change.","","Which of the following is an example of a physical change?",12,"B","YES","B is the correct answer because breaking a glass is a physical change as it involves altering the shape or form of the glass without changing its chemical composition. Lighting a match, burning gasoline, and rusting of iron involve chemical reactions that alter the substances' molecular structures, making them examples of chemical changes.","1. Physical change involves altering the shape or form without changing its chemical composition
2. Breaking a glass is a physical change
3. Breaking a glass is a physical change alters the shape of glass without changing its chemical composition
3. Chemical changes involve chemical reactions that alter the substances' molecular structures
4. Lighting a match, burning gasoline, and rusting of iron involve chemical reactions that alter the substances' molecular structures
5. Lighting a match, burning gasoline, and rusting of iron are examples of chemical changes.","","If a process changes chemical composition, classify it as a chemical change. If it only changes form/shape/state without changing composition, classify it as a physical change.","2026-05-24T17:57:20.133971Z"
"","","","","","","","","","","","","","","","",4,"1","C","2026-05-28T07:41:39.939978Z",13,1228.808,"C","YES","The area most likely to form metamorphic rocks such as gneiss and schist is a site deep underground. This is because metamorphic rocks are formed when existing rocks are subjected to high temperatures and pressures, which can only occur deep within the Earth's crust. Gneiss and schist are types of metamorphic rocks that are formed through this process, often as a result of mountain building or tectonic plate movement. The conditions necessary for metamorphism, such as high pressure and temperature, are typically found deep within the Earth's crust, making a site deep underground the most likely location for","1. Metamorphic rocks form when existing rocks are subjected to high temperatures and pressures.
2. High temperatures and pressures occur deep within the Earth's crust.
3. A site deep underground is the most likely location for metamorphic rock formation.","1. The other answer options do not provide sufficient heat and pressure for metamorphism.
2. Geological environments deep underground are associated with tectonic or mountain-building processes.","If a geological environment provides the conditions necessary for metamorphism (high heat and pressure), then metamorphic rocks are most likely to form there.","","Which of the following areas is most likely to form metamorphic rocks such as gneiss and schist?",13,"C","YES","C is the correct answer. Metamorphic rocks form under conditions of heat and pressure deep within the Earth's crust, typically at convergent plate boundaries or in areas of mountain building. A site deep underground provides the necessary high temperatures and pressures for existing rocks to transform into metamorphic rocks like gneiss and schist. The other options - a sea floor, a windblown desert, and a site covered by a glacier - do not provide the necessary geological conditions for metamorphism to occur.","1. Metamorphic rocks form under conditions of heat and pressure deep within Earth's crust.
2. A site deep underground provides the necessary temperatures and pressures.
3. The other options do not provide the conditions necessary for metamorphism.","1. Heat and pressure are necessary conditions for metamorphic rock formation.
2. Geological depth correlates with increased pressure and temperature.","If an environment contains the necessary heat and pressure conditions for metamorphism, it is the most likely location for metamorphic rock formation.","2026-05-28T07:41:39.939997Z"
"","","","","","","","","","","","","","","","",3,"1","C","2026-05-27T10:44:48.819674Z",14,73347.113,"C","YES","This treatment would prevent the male insects from producing sperm, which is essential for fertilizing eggs. As a result, the females in the population would not be able to reproduce, leading to a sharp decrease in the reproduction rate of the population. This, in turn, would cause the population to decline over time. Therefore, the correct answer is that this treatment would indeed reduce the insect population.","1. Producing sperm is essential for fertilizing eggs.
2. Preventing male insects from producing sperm prevents fertilization.
3. Females would not be able to reproduce.
4. Reduced reproduction causes population decline.","1. Female insects require fertilized eggs to reproduce.
2. Reduced reproduction over time leads to population decline.","1. If a biological process essential for reproduction is disrupted, population size will/may decline over time.","","The male insects in a population are treated to prevent sperm production. Would this reduce this insect population?",14,"C","YES","The correct answer is C. By preventing sperm production in male insects, the reproduction rate would indeed be sharply decreased. Since males are unable to contribute genetic material to offspring, the population would decline over time due to a significant reduction in successful matings and subsequent generations.","1. Male insect unable to produce sperm, are unable to contribute genetic material to offspring
2. Population decline can result from reduction in successful matings and offspring production.","1. Male genetic contribution is necessary for producing offspring.
2. Reduced offspring production leads to smaller future populations.","1. Reduced reproductive success leads to population decline across generations.","2026-05-27T10:44:48.819698Z"
"","","","","","","","","","","","","","","","",5,"1","A","2026-05-28T07:48:27.332628Z",15,404.257,"A","YES","The correct answer is A) the sun.

The sun's energy has the greatest influence on the state of matter of water because it is the primary source of heat and light that drives the Earth's climate and weather patterns. The sun's energy heats the Earth's surface, causing water to evaporate from oceans, lakes, and rivers into the atmosphere, where it condenses into clouds and eventually falls back to the Earth as precipitation. This process, known as the water cycle, is essential for maintaining the Earth's water balance and is influenced by the sun's energy. The other options, wind, ocean","1. The sun is the primary source of heat and light driving Earth’s climate and weather.
2. The sun’s energy causes water to evaporate.
3. Evaporation and precipitation are part of the water cycle.
4. The water cycle is influenced by the sun’s energy.","1. Heat influences the state of matter of water.
2. Evaporation involves water changing from liquid to gas.
3. The primary driver of water state changes has the greatest influence on water’s states of matter.
4. Wind, ocean currents, and Earth’s core have less influence on water’s state than the sun.","If an energy source drives the processes responsible for changes in water’s state, then it has the greatest influence on the state of matter of water.","","On Earth, water can be a solid, a liquid, or a gas. Which energy source has the greatest influence on the state of matter of water?",15,"A","YES","The sun (A) has the greatest influence on the state of matter of water on Earth. The sun provides the heat necessary to change water from a liquid to a gas through evaporation. It also contributes to the freezing process by providing the energy needed to cool water to its freezing point. While wind, ocean currents, and the metal core of the Earth play roles in the water cycle, they do not have the same direct and significant impact as the sun's energy.","1. The sun provides the heat necessary for evaporation.
2 .Evaporation changes water from liquid to gas.
3. The sun contributes to water freezing/cooling to its freezing point.
4. Wind, ocean currents, and Earth’s metal core play roles in the water cycle.
5. These other factors do not have as direct and significant an impact as the sun.","1. Changes in water’s state require energy transfer.
2. Heat is a primary factor determining whether water is solid, liquid, or gas.
3. The most direct and significant energy source has the greatest influence on water’s state of matter.","If an energy source directly drives phase changes in water, it has the strongest influence on water’s state of matter.","2026-05-28T07:48:27.332642Z"
"","","","","","","","","","","","","","","","",6,"1","B","2026-05-28T08:00:33.317031Z",16,714.808,"C","NO","The correct answer is C because oil spills can smother or suffocate aquatic plants by blocking sunlight, which is essential for photosynthesis. When oil covers the surface of the water, it prevents sunlight from penetrating to the plants below, leading to a decrease in plant growth and potentially even death. This is because plants rely on sunlight to undergo photosynthesis, which is necessary for their survival. Therefore, water plants will be exposed to less sunlight, not more, due to the oil spill.","Oil spills can block sunlight from reaching aquatic plants.
Aquatic plants require sunlight for photosynthesis.
Reduced sunlight decreases plant growth and may kill plants.
Water plants would be exposed to less sunlight after an oil spill.","1. Oil floating on water reduces light penetration.
2. Reduced photosynthesis harms aquatic ecosystems.
3. Increased sunlight exposure is inconsistent with oil blocking sunlight.","If an environmental factor blocks sunlight required for photosynthesis, aquatic plant growth will decrease.","","A ship leaks a large amount of oil near a coastal area. Which statement describes how the oil most likely will affect the coastal habitat?",16,"B","YES","B is correct because oil on water can coat the feathers of water birds, making them heavy and difficult to fly, which is a significant threat to their survival and reproduction. The other options are incorrect: oil does not increase fish reproduction rates, it does not allow more sunlight to reach water plants, and it does not provide additional nutrients to coastal plants.","1. Oil can coat water bird feathers.
2. Oil-coated feathers become heavy and difficult to use for flight.
3. Difficulty flying threatens bird survival and reproduction.
4. Oil spills do not increase fish reproduction.
5. Oil spills do not increase sunlight exposure for water plants.
6. Oil spills do not provide extra nutrients to coastal plants.","1. Water birds rely on functional wings for survival.
2. Oil contamination harms animal mobility.
3. Oil spills negatively affect coastal ecosystems.","If oil coats bird feathers, water birds will be unable to use their wings effectively.","2026-05-28T08:00:33.317050Z"
"","","","","","","","","","","","","","","","",7,"1","2","2026-05-28T08:04:54.744904Z",17,258.744,"?","NO","B.

A chemical property of a mineral is evident if the mineral reacts with another substance, in this case, acid. The fact that the mineral bubbles when acid is placed on it indicates a chemical reaction is occurring, which is a chemical property.","Bubbling when acid is placed on a mineral indicates a chemical reaction.
Reacting with another substance is a chemical property.
Acid reacting with the mineral is evidence of a chemical property.","Bubbling is caused by formation/release of a new substance (e.g. gas).
Chemical reactions reveal chemical properties.
The other answer options describe physical rather than chemical properties.","If a substance reacts chemically with another substance, the observed behavior indicates a chemical property.","","A chemical property of a mineral is evident if the mineral",17,"?","NO","B

The bubbling when acid is placed on the mineral indicates a chemical reaction, specifically the release of a gas like carbon dioxide, which is a characteristic of certain minerals, such as carbonates. This property is a chemical one, unlike the physical properties suggested in the other options.","Bubbling indicates a chemical reaction.
The bubbling is caused by release of a gas such as carbon dioxide.
Carbonates are examples of minerals showing this behavior.
The other options describe physical properties rather than chemical properties.","Production of gas is evidence of chemical change.
Chemical properties are identified through chemical reactions.","If interaction with another substance produces a chemical reaction, the observed characteristic is a chemical property.","2026-05-28T08:04:54.744919Z"
"","","","","","","","","","","","","","","","",8,"1","D","2026-05-28T08:10:42.661630Z",18,345.172,"D","YES","The correct answer is D because the observation of the sun disappearing behind the neighbor's house across the street is due to the Earth's rotation. As the Earth rotates from west to east, different parts of the planet experience day and night. From Alex's perspective on the front porch, the sun appears to move from east to west across the sky, eventually disappearing behind the neighbor's house as the Earth continues to rotate. This is an example of the Earth's rotation causing the apparent motion of the sun in the sky.","The observation is caused by Earth’s rotation.
Earth rotates from west to east.
The sun appears to move from east to west across the sky.
Earth’s rotation causes the apparent motion of the sun.
The sun appears to disappear behind the neighbor’s house as Earth rotates.","The sun is not actually moving around Earth each day.
Apparent motion in the sky can result from observer motion.
Earth’s rotation changes the observer’s orientation relative to the sun over time.","If Earth rotates while an observer remains on its surface, celestial objects will appear to move across the sky.","","One evening as it is getting dark, Alex sits on the front porch and watches the sun slowly disappear behind the neighbor's house across the street. Which explains this observation?",18,"D","YES","The correct explanation is D. The sun appears to move due to Earth's rotation. As Earth rotates on its axis from west to east, the sun appears to rise in the east and set in the west from an observer's perspective on the ground. This rotation causes the sun to seem like it is moving behind objects in the sky, such as the neighbor's house, as the evening progresses and darkness falls.","Earth rotates on its axis from west to east.
The sun appears to rise in the east and set in the west.
Earth’s rotation makes the sun appear to move behind objects in the sky.
The apparent movement causes the sun to disappear behind the neighbor’s house.","The sun’s apparent motion is observational rather than actual local movement around Earth.
Objects on Earth can obstruct the observer’s line of sight to the sun.
Rotation of the observer’s frame of reference changes perceived positions of celestial objects.","If an observer rotates with Earth, the sun will appear to move across the sky relative to stationary objects on Earth.","2026-05-28T08:10:42.661646Z"
"","","","","","","","","","","","","","","","",9,"1","C","2026-05-28T08:16:22.149172Z",19,336.079,"B","NO","The correct answer is B. This is because the statement about the toothpaste having a higher concentration of fluoride than any other toothpaste available is likely intended to convey that it is a more effective or recommended product. The inference is that the high fluoride content makes it a preferred choice among dentists, who are often seen as authorities on oral health. This is a common marketing tactic, where a product's endorsement by a respected professional is used to build credibility and trust with potential customers.","The commercial claims the toothpaste has a higher fluoride concentration than competitors.
Higher fluoride concentration is intended to suggest the toothpaste is more effective.
Dentists are viewed as authorities on oral health.
Marketing often uses professional endorsement to build trust.
The advertisement implies the toothpaste is recommended by dentists.","Consumers associate fluoride concentration with toothpaste quality.
Products perceived as more effective are more likely to be recommended by professionals.
Professional endorsement increases consumer trust.
Fluoride concentration is being treated as evidence of professional approval.","If a product contains a feature associated with effectiveness, advertisements may imply professional endorsement.","","A toothpaste commercial states that a brand of toothpaste has a higher concentration of fluoride than any other toothpaste available. The commercial is most likely inferring that the advertised toothpaste",19,"C","YES","The commercial is most likely inferring that the advertised toothpaste promotes good dental hygiene (C). Fluoride is known for its ability to strengthen tooth enamel and prevent cavities, making it a key component in dental hygiene products. By highlighting a higher concentration of fluoride, the commercial aims to suggest that the toothpaste offers superior protection against tooth decay and gum disease, thus promoting better dental hygiene.","Fluoride strengthens tooth enamel.
Fluoride helps prevent cavities.
Fluoride is important in dental hygiene products.
Higher fluoride concentration suggests better protection against tooth decay and gum disease.
The commercial implies the toothpaste promotes good dental hygiene.","Better cavity prevention contributes to good dental hygiene.
Consumers associate fluoride with dental health benefits.
Greater fluoride concentration is interpreted as greater effectiveness.","If a product contains more of a beneficial health-related ingredient, it is inferred to provide greater health benefits.","2026-05-28T08:16:22.149188Z"
"","","","","","","","","","","","","","","","",10,"1","A","2026-05-28T08:22:46.561729Z",20,382.058,"A","YES","The correct answer is A because cells break down food molecules, such as carbohydrates, fats, and proteins, to produce energy through a process called cellular respiration. This process involves the breakdown of food molecules into simpler substances, releasing energy that is then used to power the cell's various activities.","Cells break down food molecules to produce energy.
Food molecules include carbohydrates, fats, and proteins.
Cellular respiration breaks food molecules into simpler substances.
Cellular respiration releases energy used by cells.","Energy for cellular activities comes from breakdown of nutrients.
Food contains stored chemical energy.
Cellular respiration is the mechanism cells use to access usable energy.
Cells obtain usable energy from food rather than from water, chlorophyll, or carbon dioxide.","If cells obtain energy by breaking down a substance during cellular respiration, that substance is used to produce energy.","","What do cells break down to produce energy?",20,"A","YES","Cells break down food to produce energy. This process involves the breakdown of nutrients from consumed food into simpler molecules, which are then used in cellular respiration to generate ATP, the energy currency of cells.","Cells break down food to produce energy.
Nutrients from food are broken down into simpler molecules.
Cellular respiration generates ATP.
ATP is the energy currency of cells.","ATP is required for cellular functions.
Food contains nutrients usable for energy production.
Cellular respiration converts chemical energy from food into usable cellular energy.
Cells obtain usable energy from food rather than from water, chlorophyll, or carbon dioxide.","If a substance is processed in cellular respiration to generate ATP, it serves as an energy source for cells.","2026-05-28T08:22:46.561754Z"
