question_id,question,options,correct_answer,llm,judge_model,llm_answer,llm_correct,llm_explanation,statement_index,statement,statement_true_in_isolation,raw_judge_response
221,Which of these substances conducts electricity the best?,"A. Wood
B. Brick
C. Copper
D. Plastic",C,llama,meta-llama/llama-3.1-8b-instruct,C,YES,"Copper is a good conductor of electricity because it has free electrons that can move freely within its structure, allowing it to easily transfer electrical energy. This is in contrast to the other options, which are poor conductors or insulators. Wood and brick are both insulators, meaning they resist the flow of electrical current, while plastic is a poor conductor and can sometimes be an insulator depending on its type.",1,Copper is a good conductor of electricity.,TRUE,TRUE
221,Which of these substances conducts electricity the best?,"A. Wood
B. Brick
C. Copper
D. Plastic",C,llama,meta-llama/llama-3.1-8b-instruct,C,YES,"Copper is a good conductor of electricity because it has free electrons that can move freely within its structure, allowing it to easily transfer electrical energy. This is in contrast to the other options, which are poor conductors or insulators. Wood and brick are both insulators, meaning they resist the flow of electrical current, while plastic is a poor conductor and can sometimes be an insulator depending on its type.",2,Copper has free electrons that can move freely within its structure.,TRUE,TRUE
221,Which of these substances conducts electricity the best?,"A. Wood
B. Brick
C. Copper
D. Plastic",C,llama,meta-llama/llama-3.1-8b-instruct,C,YES,"Copper is a good conductor of electricity because it has free electrons that can move freely within its structure, allowing it to easily transfer electrical energy. This is in contrast to the other options, which are poor conductors or insulators. Wood and brick are both insulators, meaning they resist the flow of electrical current, while plastic is a poor conductor and can sometimes be an insulator depending on its type.",3,Freely moving electrons with in copper stracture in what allows easy transfer electrical energy.,TRUE,TRUE
221,Which of these substances conducts electricity the best?,"A. Wood
B. Brick
C. Copper
D. Plastic",C,llama,meta-llama/llama-3.1-8b-instruct,C,YES,"Copper is a good conductor of electricity because it has free electrons that can move freely within its structure, allowing it to easily transfer electrical energy. This is in contrast to the other options, which are poor conductors or insulators. Wood and brick are both insulators, meaning they resist the flow of electrical current, while plastic is a poor conductor and can sometimes be an insulator depending on its type.",4,Wood is an insulator.,TRUE,TRUE
221,Which of these substances conducts electricity the best?,"A. Wood
B. Brick
C. Copper
D. Plastic",C,llama,meta-llama/llama-3.1-8b-instruct,C,YES,"Copper is a good conductor of electricity because it has free electrons that can move freely within its structure, allowing it to easily transfer electrical energy. This is in contrast to the other options, which are poor conductors or insulators. Wood and brick are both insulators, meaning they resist the flow of electrical current, while plastic is a poor conductor and can sometimes be an insulator depending on its type.",5,Brick is an insulator.,FALSE,FALSE
221,Which of these substances conducts electricity the best?,"A. Wood
B. Brick
C. Copper
D. Plastic",C,llama,meta-llama/llama-3.1-8b-instruct,C,YES,"Copper is a good conductor of electricity because it has free electrons that can move freely within its structure, allowing it to easily transfer electrical energy. This is in contrast to the other options, which are poor conductors or insulators. Wood and brick are both insulators, meaning they resist the flow of electrical current, while plastic is a poor conductor and can sometimes be an insulator depending on its type.",6,Insulators resist the flow of electrical current.,TRUE,TRUE
221,Which of these substances conducts electricity the best?,"A. Wood
B. Brick
C. Copper
D. Plastic",C,llama,meta-llama/llama-3.1-8b-instruct,C,YES,"Copper is a good conductor of electricity because it has free electrons that can move freely within its structure, allowing it to easily transfer electrical energy. This is in contrast to the other options, which are poor conductors or insulators. Wood and brick are both insulators, meaning they resist the flow of electrical current, while plastic is a poor conductor and can sometimes be an insulator depending on its type.",7,Plastic is a poor conductor.,TRUE,TRUE
221,Which of these substances conducts electricity the best?,"A. Wood
B. Brick
C. Copper
D. Plastic",C,llama,meta-llama/llama-3.1-8b-instruct,C,YES,"Copper is a good conductor of electricity because it has free electrons that can move freely within its structure, allowing it to easily transfer electrical energy. This is in contrast to the other options, which are poor conductors or insulators. Wood and brick are both insulators, meaning they resist the flow of electrical current, while plastic is a poor conductor and can sometimes be an insulator depending on its type.",8,Plastic can sometimes be an insulator depending on its type.,TRUE,TRUE
221,Which of these substances conducts electricity the best?,"A. Wood
B. Brick
C. Copper
D. Plastic",C,qwen,qwen/qwen-2.5-7b-instruct,C,YES,Copper conducts electricity the best among the given options because it has a high electrical conductivity due to the free movement of electrons within its atomic structure.,1,Copper has a high electrical conductivity.,TRUE,TRUE
221,Which of these substances conducts electricity the best?,"A. Wood
B. Brick
C. Copper
D. Plastic",C,qwen,qwen/qwen-2.5-7b-instruct,C,YES,Copper conducts electricity the best among the given options because it has a high electrical conductivity due to the free movement of electrons within its atomic structure.,2,Copper's high electrical conductivity is due to the free movement of electrons within its atomic structure.,TRUE,TRUE
221,Which of these substances conducts electricity the best?,"A. Wood
B. Brick
C. Copper
D. Plastic",C,qwen,qwen/qwen-2.5-7b-instruct,C,YES,Copper conducts electricity the best among the given options because it has a high electrical conductivity due to the free movement of electrons within its atomic structure.,3,Copper has a higher electrical conductivity then wood.,TRUE,TRUE
221,Which of these substances conducts electricity the best?,"A. Wood
B. Brick
C. Copper
D. Plastic",C,qwen,qwen/qwen-2.5-7b-instruct,C,YES,Copper conducts electricity the best among the given options because it has a high electrical conductivity due to the free movement of electrons within its atomic structure.,4,Copper has a higher electrical conductivity then brick.,TRUE,TRUE
221,Which of these substances conducts electricity the best?,"A. Wood
B. Brick
C. Copper
D. Plastic",C,qwen,qwen/qwen-2.5-7b-instruct,C,YES,Copper conducts electricity the best among the given options because it has a high electrical conductivity due to the free movement of electrons within its atomic structure.,5,Copper has a higher electrical conductivity then plastic.,TRUE,TRUE
222,"Scientists conduct investigations to answer questions. Before making a valid conclusion, scientists must","A. collect relevant evidence
B. tell people about the data
C. publish results from the investigation
D. discuss the investigation with other scientists",A,llama,meta-llama/llama-3.1-8b-instruct,A,YES,"To make a valid conclusion, scientists must first gather and analyze relevant data or evidence that supports their hypothesis or answer to the question being investigated. This is a fundamental principle of the scientific method, which emphasizes the importance of empirical evidence in forming conclusions. Without collecting relevant evidence, scientists cannot accurately determine the validity of their conclusions, making option A the correct choice.",1,Scientists gather data or evidence.,TRUE,TRUE
222,"Scientists conduct investigations to answer questions. Before making a valid conclusion, scientists must","A. collect relevant evidence
B. tell people about the data
C. publish results from the investigation
D. discuss the investigation with other scientists",A,llama,meta-llama/llama-3.1-8b-instruct,A,YES,"To make a valid conclusion, scientists must first gather and analyze relevant data or evidence that supports their hypothesis or answer to the question being investigated. This is a fundamental principle of the scientific method, which emphasizes the importance of empirical evidence in forming conclusions. Without collecting relevant evidence, scientists cannot accurately determine the validity of their conclusions, making option A the correct choice.",2,Scientists analyze data or evidence.,TRUE,TRUE
222,"Scientists conduct investigations to answer questions. Before making a valid conclusion, scientists must","A. collect relevant evidence
B. tell people about the data
C. publish results from the investigation
D. discuss the investigation with other scientists",A,llama,meta-llama/llama-3.1-8b-instruct,A,YES,"To make a valid conclusion, scientists must first gather and analyze relevant data or evidence that supports their hypothesis or answer to the question being investigated. This is a fundamental principle of the scientific method, which emphasizes the importance of empirical evidence in forming conclusions. Without collecting relevant evidence, scientists cannot accurately determine the validity of their conclusions, making option A the correct choice.",3,Evidence and data should support the hypothesis or answer to the question being investigated.,TRUE,TRUE
222,"Scientists conduct investigations to answer questions. Before making a valid conclusion, scientists must","A. collect relevant evidence
B. tell people about the data
C. publish results from the investigation
D. discuss the investigation with other scientists",A,llama,meta-llama/llama-3.1-8b-instruct,A,YES,"To make a valid conclusion, scientists must first gather and analyze relevant data or evidence that supports their hypothesis or answer to the question being investigated. This is a fundamental principle of the scientific method, which emphasizes the importance of empirical evidence in forming conclusions. Without collecting relevant evidence, scientists cannot accurately determine the validity of their conclusions, making option A the correct choice.",4,Fundamental principle of the scientific method emphasizes the importance of empirical evidence in forming conclusions.,TRUE,TRUE
222,"Scientists conduct investigations to answer questions. Before making a valid conclusion, scientists must","A. collect relevant evidence
B. tell people about the data
C. publish results from the investigation
D. discuss the investigation with other scientists",A,llama,meta-llama/llama-3.1-8b-instruct,A,YES,"To make a valid conclusion, scientists must first gather and analyze relevant data or evidence that supports their hypothesis or answer to the question being investigated. This is a fundamental principle of the scientific method, which emphasizes the importance of empirical evidence in forming conclusions. Without collecting relevant evidence, scientists cannot accurately determine the validity of their conclusions, making option A the correct choice.",5,Collecting relevant evidence is nessecery to accurately determine the validity of conclusions.,TRUE,TRUE
222,"Scientists conduct investigations to answer questions. Before making a valid conclusion, scientists must","A. collect relevant evidence
B. tell people about the data
C. publish results from the investigation
D. discuss the investigation with other scientists",A,qwen,qwen/qwen-2.5-7b-instruct,A,YES,"Collecting relevant evidence is essential before making a valid conclusion because it provides the factual basis upon which conclusions can be drawn. Without gathering and analyzing appropriate data through experiments or observations, any conclusion would lack empirical support. This step ensures that the findings are grounded in reality and can be verified by others, adhering to the scientific method's rigorous standards.",1,Collecting relevant evidence is essential before making a valid conclusion.,TRUE,TRUE
222,"Scientists conduct investigations to answer questions. Before making a valid conclusion, scientists must","A. collect relevant evidence
B. tell people about the data
C. publish results from the investigation
D. discuss the investigation with other scientists",A,qwen,qwen/qwen-2.5-7b-instruct,A,YES,"Collecting relevant evidence is essential before making a valid conclusion because it provides the factual basis upon which conclusions can be drawn. Without gathering and analyzing appropriate data through experiments or observations, any conclusion would lack empirical support. This step ensures that the findings are grounded in reality and can be verified by others, adhering to the scientific method's rigorous standards.",2,Evidence provides the factual basis upon which conclusions can be drawn.,TRUE,TRUE
222,"Scientists conduct investigations to answer questions. Before making a valid conclusion, scientists must","A. collect relevant evidence
B. tell people about the data
C. publish results from the investigation
D. discuss the investigation with other scientists",A,qwen,qwen/qwen-2.5-7b-instruct,A,YES,"Collecting relevant evidence is essential before making a valid conclusion because it provides the factual basis upon which conclusions can be drawn. Without gathering and analyzing appropriate data through experiments or observations, any conclusion would lack empirical support. This step ensures that the findings are grounded in reality and can be verified by others, adhering to the scientific method's rigorous standards.",3,Data collected from experiments can provide empirical support.,TRUE,TRUE
222,"Scientists conduct investigations to answer questions. Before making a valid conclusion, scientists must","A. collect relevant evidence
B. tell people about the data
C. publish results from the investigation
D. discuss the investigation with other scientists",A,qwen,qwen/qwen-2.5-7b-instruct,A,YES,"Collecting relevant evidence is essential before making a valid conclusion because it provides the factual basis upon which conclusions can be drawn. Without gathering and analyzing appropriate data through experiments or observations, any conclusion would lack empirical support. This step ensures that the findings are grounded in reality and can be verified by others, adhering to the scientific method's rigorous standards.",4,Data collected from observations can provide empirical support.,TRUE,TRUE
222,"Scientists conduct investigations to answer questions. Before making a valid conclusion, scientists must","A. collect relevant evidence
B. tell people about the data
C. publish results from the investigation
D. discuss the investigation with other scientists",A,qwen,qwen/qwen-2.5-7b-instruct,A,YES,"Collecting relevant evidence is essential before making a valid conclusion because it provides the factual basis upon which conclusions can be drawn. Without gathering and analyzing appropriate data through experiments or observations, any conclusion would lack empirical support. This step ensures that the findings are grounded in reality and can be verified by others, adhering to the scientific method's rigorous standards.",5,Data needs to be analized.,FALSE,FALSE
222,"Scientists conduct investigations to answer questions. Before making a valid conclusion, scientists must","A. collect relevant evidence
B. tell people about the data
C. publish results from the investigation
D. discuss the investigation with other scientists",A,qwen,qwen/qwen-2.5-7b-instruct,A,YES,"Collecting relevant evidence is essential before making a valid conclusion because it provides the factual basis upon which conclusions can be drawn. Without gathering and analyzing appropriate data through experiments or observations, any conclusion would lack empirical support. This step ensures that the findings are grounded in reality and can be verified by others, adhering to the scientific method's rigorous standards.",6,Scientific conclusions should be supported by empirical evidence.,TRUE,TRUE
222,"Scientists conduct investigations to answer questions. Before making a valid conclusion, scientists must","A. collect relevant evidence
B. tell people about the data
C. publish results from the investigation
D. discuss the investigation with other scientists",A,qwen,qwen/qwen-2.5-7b-instruct,A,YES,"Collecting relevant evidence is essential before making a valid conclusion because it provides the factual basis upon which conclusions can be drawn. Without gathering and analyzing appropriate data through experiments or observations, any conclusion would lack empirical support. This step ensures that the findings are grounded in reality and can be verified by others, adhering to the scientific method's rigorous standards.",7,Empirical support ensures that the findings are grounded in reality.,TRUE,TRUE
222,"Scientists conduct investigations to answer questions. Before making a valid conclusion, scientists must","A. collect relevant evidence
B. tell people about the data
C. publish results from the investigation
D. discuss the investigation with other scientists",A,qwen,qwen/qwen-2.5-7b-instruct,A,YES,"Collecting relevant evidence is essential before making a valid conclusion because it provides the factual basis upon which conclusions can be drawn. Without gathering and analyzing appropriate data through experiments or observations, any conclusion would lack empirical support. This step ensures that the findings are grounded in reality and can be verified by others, adhering to the scientific method's rigorous standards.",8,Empirical support ensures that the findings can be verified by others.,TRUE,TRUE
222,"Scientists conduct investigations to answer questions. Before making a valid conclusion, scientists must","A. collect relevant evidence
B. tell people about the data
C. publish results from the investigation
D. discuss the investigation with other scientists",A,qwen,qwen/qwen-2.5-7b-instruct,A,YES,"Collecting relevant evidence is essential before making a valid conclusion because it provides the factual basis upon which conclusions can be drawn. Without gathering and analyzing appropriate data through experiments or observations, any conclusion would lack empirical support. This step ensures that the findings are grounded in reality and can be verified by others, adhering to the scientific method's rigorous standards.",9,The scientific method emphasizes empirical evidence.,TRUE,TRUE
222,"Scientists conduct investigations to answer questions. Before making a valid conclusion, scientists must","A. collect relevant evidence
B. tell people about the data
C. publish results from the investigation
D. discuss the investigation with other scientists",A,qwen,qwen/qwen-2.5-7b-instruct,A,YES,"Collecting relevant evidence is essential before making a valid conclusion because it provides the factual basis upon which conclusions can be drawn. Without gathering and analyzing appropriate data through experiments or observations, any conclusion would lack empirical support. This step ensures that the findings are grounded in reality and can be verified by others, adhering to the scientific method's rigorous standards.",10,The scientific method emphasizes reproducibility.,TRUE,TRUE
223,"When a blue light is shone on a yellow banana, what color does the banana appear to be?","A. blue
B. yellow
C. green
D. black",D,llama,meta-llama/llama-3.1-8b-instruct,B,NO,"The correct answer is B because the color of the banana itself doesn't change when a blue light is shone on it. The banana remains yellow, but it may appear more or less vibrant depending on the wavelength of the light. The blue light is simply illuminating the banana, and its color is determined by the way the light interacts with the banana's surface, not by the color of the light itself.",1,The color of the banana itself doesn't change when a blue light is shone on it.,TRUE,TRUE
223,"When a blue light is shone on a yellow banana, what color does the banana appear to be?","A. blue
B. yellow
C. green
D. black",D,llama,meta-llama/llama-3.1-8b-instruct,B,NO,"The correct answer is B because the color of the banana itself doesn't change when a blue light is shone on it. The banana remains yellow, but it may appear more or less vibrant depending on the wavelength of the light. The blue light is simply illuminating the banana, and its color is determined by the way the light interacts with the banana's surface, not by the color of the light itself.",2,A banana is yellow.,TRUE,TRUE
223,"When a blue light is shone on a yellow banana, what color does the banana appear to be?","A. blue
B. yellow
C. green
D. black",D,llama,meta-llama/llama-3.1-8b-instruct,B,NO,"The correct answer is B because the color of the banana itself doesn't change when a blue light is shone on it. The banana remains yellow, but it may appear more or less vibrant depending on the wavelength of the light. The blue light is simply illuminating the banana, and its color is determined by the way the light interacts with the banana's surface, not by the color of the light itself.",3,A banana may appear more or less vibrant depending on the wavelength of the light.,TRUE,TRUE
223,"When a blue light is shone on a yellow banana, what color does the banana appear to be?","A. blue
B. yellow
C. green
D. black",D,llama,meta-llama/llama-3.1-8b-instruct,B,NO,"The correct answer is B because the color of the banana itself doesn't change when a blue light is shone on it. The banana remains yellow, but it may appear more or less vibrant depending on the wavelength of the light. The blue light is simply illuminating the banana, and its color is determined by the way the light interacts with the banana's surface, not by the color of the light itself.",4,A banana's color is determined by the way the light interacts with the banana's surface.,TRUE,TRUE
223,"When a blue light is shone on a yellow banana, what color does the banana appear to be?","A. blue
B. yellow
C. green
D. black",D,llama,meta-llama/llama-3.1-8b-instruct,B,NO,"The correct answer is B because the color of the banana itself doesn't change when a blue light is shone on it. The banana remains yellow, but it may appear more or less vibrant depending on the wavelength of the light. The blue light is simply illuminating the banana, and its color is determined by the way the light interacts with the banana's surface, not by the color of the light itself.",5,A banana's color is not determined by the color of the light illuminating it.,TRUE,TRUE
223,"When a blue light is shone on a yellow banana, what color does the banana appear to be?","A. blue
B. yellow
C. green
D. black",D,qwen,qwen/qwen-2.5-7b-instruct,A,NO,"The banana appears blue because the yellow banana reflects yellow light and absorbs most other colors of light. When blue light is shone on it, the banana absorbs most of the blue light and only reflects a small amount of blue light back to our eyes, making the banana appear blue.",1,The banana appears blue when a blue light is shone on a yellow banana.,FALSE,FALSE
223,"When a blue light is shone on a yellow banana, what color does the banana appear to be?","A. blue
B. yellow
C. green
D. black",D,qwen,qwen/qwen-2.5-7b-instruct,A,NO,"The banana appears blue because the yellow banana reflects yellow light and absorbs most other colors of light. When blue light is shone on it, the banana absorbs most of the blue light and only reflects a small amount of blue light back to our eyes, making the banana appear blue.",2,A yellow banana reflects yellow light.,TRUE,TRUE
223,"When a blue light is shone on a yellow banana, what color does the banana appear to be?","A. blue
B. yellow
C. green
D. black",D,qwen,qwen/qwen-2.5-7b-instruct,A,NO,"The banana appears blue because the yellow banana reflects yellow light and absorbs most other colors of light. When blue light is shone on it, the banana absorbs most of the blue light and only reflects a small amount of blue light back to our eyes, making the banana appear blue.",3,A yellow banana absorbs most other colors of light.,FALSE,FALSE
223,"When a blue light is shone on a yellow banana, what color does the banana appear to be?","A. blue
B. yellow
C. green
D. black",D,qwen,qwen/qwen-2.5-7b-instruct,A,NO,"The banana appears blue because the yellow banana reflects yellow light and absorbs most other colors of light. When blue light is shone on it, the banana absorbs most of the blue light and only reflects a small amount of blue light back to our eyes, making the banana appear blue.",4,"When blue light is shone on a yellow banana, the banana absorbs most of the blue light.",FALSE,FALSE
223,"When a blue light is shone on a yellow banana, what color does the banana appear to be?","A. blue
B. yellow
C. green
D. black",D,qwen,qwen/qwen-2.5-7b-instruct,A,NO,"The banana appears blue because the yellow banana reflects yellow light and absorbs most other colors of light. When blue light is shone on it, the banana absorbs most of the blue light and only reflects a small amount of blue light back to our eyes, making the banana appear blue.",5,When blue light is shone on a yellow banana it only reflects a small amount of blue light back to our eyes.,TRUE,TRUE
223,"When a blue light is shone on a yellow banana, what color does the banana appear to be?","A. blue
B. yellow
C. green
D. black",D,qwen,qwen/qwen-2.5-7b-instruct,A,NO,"The banana appears blue because the yellow banana reflects yellow light and absorbs most other colors of light. When blue light is shone on it, the banana absorbs most of the blue light and only reflects a small amount of blue light back to our eyes, making the banana appear blue.",6,When only a small amount of blue light is reflected back to our eyes it maks things appear blue.,FALSE,FALSE
